<?xml version="1.0" standalone="no"?>
<?xml-stylesheet type="text/xsl" href="file:///C:/Analog Devices/CrossCore Embedded Studio 2.10.0/System/linker_log.xsl"?>
<DOCUMENT gen_time='Thu Dec 23 11:28:41 2021
'>
<MSG id='03BCB468' mid='li3050' type='Informational' suppressed=''>
<TEXT><![CDATA[Input section(s) were excluded from output section 'dxe_block0_data_prio0']]></TEXT>
<EXTENDED_INFO><![CDATA[The following input section(s) were excluded
    libc.dlb[cache_set_range_ba.doj](seg_int_data)]]></EXTENDED_INFO>
</MSG>
<MSG id='03BCB628' mid='li3050' type='Informational' suppressed=''>
<TEXT><![CDATA[Input section(s) were excluded from output section 'dxe_block0_data_prio1']]></TEXT>
<EXTENDED_INFO><![CDATA[The following input section(s) were excluded
    libc.dlb[default_heap_ba.doj](seg_dmda)
    libc.dlb[dispatched_handler_data_ba.doj](seg_dmda)
    libc.dlb[dispatched_handler_table_ba.doj](seg_dmda)
    libc.dlb[flush_data_buffer_ba.doj](seg_dmda)
    libc.dlb[free_ba.doj](seg_dmda)
    libc.dlb[heap_find_block_ba.doj](seg_dmda)
    libc.dlb[heap_malloc_ba.doj](seg_dmda)
    libc.dlb[heap_num_ba.doj](seg_dmda)
    libc.dlb[heaps_ba.doj](seg_dmda)
    libc.dlb[malloc_ba.doj](seg_dmda)
    libc.dlb[rtl_disable_interrupts_ba.doj](seg_dmda)
    libosal_noos.dlb[adi_osal_arch_int_table.doj](seg_dmda)]]></EXTENDED_INFO>
</MSG>
<MSG id='03BCB708' mid='li3050' type='Informational' suppressed=''>
<TEXT><![CDATA[Input section(s) were excluded from output section 'dxe_block0_data_prio1_bw']]></TEXT>
<EXTENDED_INFO><![CDATA[The following input section(s) were excluded
    libc.dlb[int_dispatcher_215XX_ba.doj](seg_dmda)]]></EXTENDED_INFO>
</MSG>
<MSG id='03BCBEE8' mid='li3050' type='Informational' suppressed=''>
<TEXT><![CDATA[Input section(s) were excluded from output section 'dxe_block0_data_prio2']]></TEXT>
<EXTENDED_INFO><![CDATA[The following input section(s) were excluded
    src_node1\MCAPI_msg_Node1.doj(seg_dmda)
    src_node1\node_1.doj(seg_dmda)
    system\mcapi\GeneratedSources\mcapi_config.doj(seg_dmda)
    system\startup_ldf\app_heaptab.doj(seg_dmda)
    libc.dlb[adi_fatal_data_ba.doj](seg_dmda)
    libc.dlb[default_heap_ba.doj](seg_dmda)
    libc.dlb[dispatched_handler_data_ba.doj](seg_dmda)
    libc.dlb[dispatched_handler_reg_ba.doj](seg_dmda)
    libc.dlb[dispatched_handler_table_ba.doj](seg_dmda)
    libc.dlb[flush_data_buffer_ba.doj](seg_dmda)
    libc.dlb[free_ba.doj](seg_dmda)
    libc.dlb[heap_find_block_ba.doj](seg_dmda)
    libc.dlb[heap_install_ba.doj](seg_dmda)
    libc.dlb[heap_lookup_ba.doj](seg_dmda)
    libc.dlb[heap_malloc_ba.doj](seg_dmda)
    libc.dlb[heap_num_ba.doj](seg_dmda)
    libc.dlb[heap_setup_ba.doj](seg_dmda)
    libc.dlb[heaps_ba.doj](seg_dmda)
    libc.dlb[malloc_ba.doj](seg_dmda)
    libc.dlb[rtl_disable_interrupts_ba.doj](seg_dmda)
    libc.dlb[strtoli_ba.doj](seg_dmda)
    libosal_noos.dlb[adi_osal_arch_c.doj](seg_dmda)
    libosal_noos.dlb[adi_osal_arch_int_table.doj](seg_dmda)
    libosal_noos.dlb[adi_osal_noos_init.doj](seg_dmda)
    libssl.dlb[Endpoint.doj](seg_dmda)
    libssl.dlb[RemoteICC.doj](seg_dmda)
    libssl.dlb[adi_sec.doj](seg_dmda)
    libssl.dlb[adi_tru.doj](seg_dmda)
    libssl.dlb[mcapi.doj](seg_dmda)
    libssl.dlb[mcapi_endpoint.doj](seg_dmda)
    libssl.dlb[mcapi_message.doj](seg_dmda)
    libssl.dlb[mcapi_trans.doj](seg_dmda)]]></EXTENDED_INFO>
</MSG>
<MSG id='03BCBC48' mid='li3050' type='Informational' suppressed=''>
<TEXT><![CDATA[Input section(s) were excluded from output section 'dxe_block0_data_prio2_bw']]></TEXT>
<EXTENDED_INFO><![CDATA[The following input section(s) were excluded
    libc.dlb[errno.doj](seg_dmda)
    libc.dlb[int_dispatcher_215XX_ba.doj](seg_dmda)]]></EXTENDED_INFO>
</MSG>
<MSG id='03BCBD28' mid='li3050' type='Informational' suppressed=''>
<TEXT><![CDATA[Input section(s) were excluded from output section 'dxe_block0_data_prio3']]></TEXT>
<EXTENDED_INFO><![CDATA[The following input section(s) were excluded
    src_node1\MCAPI_msg_Node1.doj(seg_dmda)
    src_node1\node_1.doj(seg_dmda)
    system\mcapi\GeneratedSources\mcapi_config.doj(seg_dmda)
    system\startup_ldf\app_heaptab.doj(seg_dmda)
    libc.dlb[adi_fatal_data_ba.doj](seg_dmda)
    libc.dlb[default_heap_ba.doj](seg_dmda)
    libc.dlb[dispatched_handler_data_ba.doj](seg_dmda)
    libc.dlb[dispatched_handler_reg_ba.doj](seg_dmda)
    libc.dlb[dispatched_handler_table_ba.doj](seg_dmda)
    libc.dlb[exit_ba.doj](seg_dmda)
    libc.dlb[flush_data_buffer_ba.doj](seg_dmda)
    libc.dlb[free_ba.doj](seg_dmda)
    libc.dlb[heap_find_block_ba.doj](seg_dmda)
    libc.dlb[heap_install_ba.doj](seg_dmda)
    libc.dlb[heap_lookup_ba.doj](seg_dmda)
    libc.dlb[heap_malloc_ba.doj](seg_dmda)
    libc.dlb[heap_num_ba.doj](seg_dmda)
    libc.dlb[heap_setup_ba.doj](seg_dmda)
    libc.dlb[heaps_ba.doj](seg_dmda)
    libc.dlb[malloc_ba.doj](seg_dmda)
    libc.dlb[rtl_disable_interrupts_ba.doj](seg_dmda)
    libc.dlb[strtoli_ba.doj](seg_dmda)
    libc.dlb[xatexit_ba.doj](seg_dmda)
    libio.dlb[devIOtab_c08_any.doj](seg_dmda)
    libio.dlb[dev_init_c08_any.doj](seg_dmda)
    libio.dlb[dev_write_c08_any.doj](seg_dmda)
    libio.dlb[devtab_c08_any.doj](seg_dmda)
    libio.dlb[fflush_c08_any.doj](seg_dmda)
    libio.dlb[primiolibtab_c08_any.doj](seg_dmda)
    libio.dlb[xfiles_c08_any.doj](seg_dmda)
    libio.dlb[xhexdigits_c08_any.doj](seg_dmda)
    libio.dlb[xlong_to_string_c08_any.doj](seg_dmda)
    libio.dlb[xlonglong_to_string_c08_any.doj](seg_dmda)
    libio.dlb[xparse_format_c08_any.doj](seg_dmda)
    libio.dlb[xprim_c08_any.doj](seg_dmda)
    libio.dlb[xprim_close_c08_any.doj](seg_dmda)
    libio.dlb[xprim_open_c08_any.doj](seg_dmda)
    libio.dlb[xprim_read_c08_any.doj](seg_dmda)
    libio.dlb[xprim_remove_c08_any.doj](seg_dmda)
    libio.dlb[xprim_rename_c08_any.doj](seg_dmda)
    libio.dlb[xprim_seek_c08_any.doj](seg_dmda)
    libio.dlb[xprim_write2_c08_any.doj](seg_dmda)
    libio.dlb[xprint_a_float_c08_d32.doj](seg_dmda)
    libio.dlb[xprint_fixed_c08_any.doj](seg_dmda)
    libio.dlb[xprint_float_c08_d32.doj](seg_dmda)
    libio.dlb[xprnt_c08_d32.doj](seg_dmda)
    libio.dlb[xscan_c08_d32.doj](seg_dmda)
    libosal_noos.dlb[adi_osal_arch_c.doj](seg_dmda)
    libosal_noos.dlb[adi_osal_arch_int_table.doj](seg_dmda)
    libosal_noos.dlb[adi_osal_noos_init.doj](seg_dmda)
    libssl.dlb[Endpoint.doj](seg_dmda)
    libssl.dlb[RemoteICC.doj](seg_dmda)
    libssl.dlb[adi_sec.doj](seg_dmda)
    libssl.dlb[adi_tru.doj](seg_dmda)
    libssl.dlb[mcapi.doj](seg_dmda)
    libssl.dlb[mcapi_endpoint.doj](seg_dmda)
    libssl.dlb[mcapi_message.doj](seg_dmda)
    libssl.dlb[mcapi_trans.doj](seg_dmda)]]></EXTENDED_INFO>
</MSG>
<MSG id='03BCBE08' mid='li3050' type='Informational' suppressed=''>
<TEXT><![CDATA[Input section(s) were excluded from output section 'dxe_block0_data_prio3_bw']]></TEXT>
<EXTENDED_INFO><![CDATA[The following input section(s) were excluded
    libc.dlb[errno.doj](seg_dmda)
    libc.dlb[exit_value.doj](seg_dmda)
    libc.dlb[int_dispatcher_215XX_ba.doj](seg_dmda)
    libc.dlb[xexit.doj](seg_dmda)]]></EXTENDED_INFO>
</MSG>
<MSG id='04518168' mid='li3050' type='Informational' suppressed=''>
<TEXT><![CDATA[Input section(s) were excluded from output section 'dxe_block1_data_prio0']]></TEXT>
<EXTENDED_INFO><![CDATA[The following input section(s) were excluded
    libc.dlb[cache_set_range_ba.doj](seg_int_data)]]></EXTENDED_INFO>
</MSG>
<MSG id='04518F68' mid='li3050' type='Informational' suppressed=''>
<TEXT><![CDATA[Input section(s) were excluded from output section 'dxe_block1_data_prio1']]></TEXT>
<EXTENDED_INFO><![CDATA[The following input section(s) were excluded
    libc.dlb[default_heap_ba.doj](seg_dmda)
    libc.dlb[dispatched_handler_data_ba.doj](seg_dmda)
    libc.dlb[dispatched_handler_table_ba.doj](seg_dmda)
    libc.dlb[flush_data_buffer_ba.doj](seg_dmda)
    libc.dlb[free_ba.doj](seg_dmda)
    libc.dlb[heap_find_block_ba.doj](seg_dmda)
    libc.dlb[heap_malloc_ba.doj](seg_dmda)
    libc.dlb[heap_num_ba.doj](seg_dmda)
    libc.dlb[heaps_ba.doj](seg_dmda)
    libc.dlb[malloc_ba.doj](seg_dmda)
    libc.dlb[rtl_disable_interrupts_ba.doj](seg_dmda)
    libosal_noos.dlb[adi_osal_arch_int_table.doj](seg_dmda)]]></EXTENDED_INFO>
</MSG>
<MSG id='04518BE8' mid='li3050' type='Informational' suppressed=''>
<TEXT><![CDATA[Input section(s) were excluded from output section 'dxe_block1_data_prio1_bw']]></TEXT>
<EXTENDED_INFO><![CDATA[The following input section(s) were excluded
    libc.dlb[int_dispatcher_215XX_ba.doj](seg_dmda)]]></EXTENDED_INFO>
</MSG>
<MSG id='04519048' mid='li3050' type='Informational' suppressed=''>
<TEXT><![CDATA[Input section(s) were excluded from output section 'dxe_block1_data_prio2']]></TEXT>
<EXTENDED_INFO><![CDATA[The following input section(s) were excluded
    src_node1\MCAPI_msg_Node1.doj(seg_dmda)
    src_node1\node_1.doj(seg_dmda)
    system\mcapi\GeneratedSources\mcapi_config.doj(seg_dmda)
    system\startup_ldf\app_heaptab.doj(seg_dmda)
    libc.dlb[adi_fatal_data_ba.doj](seg_dmda)
    libc.dlb[default_heap_ba.doj](seg_dmda)
    libc.dlb[dispatched_handler_data_ba.doj](seg_dmda)
    libc.dlb[dispatched_handler_reg_ba.doj](seg_dmda)
    libc.dlb[dispatched_handler_table_ba.doj](seg_dmda)
    libc.dlb[flush_data_buffer_ba.doj](seg_dmda)
    libc.dlb[free_ba.doj](seg_dmda)
    libc.dlb[heap_find_block_ba.doj](seg_dmda)
    libc.dlb[heap_install_ba.doj](seg_dmda)
    libc.dlb[heap_lookup_ba.doj](seg_dmda)
    libc.dlb[heap_malloc_ba.doj](seg_dmda)
    libc.dlb[heap_num_ba.doj](seg_dmda)
    libc.dlb[heap_setup_ba.doj](seg_dmda)
    libc.dlb[heaps_ba.doj](seg_dmda)
    libc.dlb[malloc_ba.doj](seg_dmda)
    libc.dlb[rtl_disable_interrupts_ba.doj](seg_dmda)
    libc.dlb[strtoli_ba.doj](seg_dmda)
    libosal_noos.dlb[adi_osal_arch_c.doj](seg_dmda)
    libosal_noos.dlb[adi_osal_arch_int_table.doj](seg_dmda)
    libosal_noos.dlb[adi_osal_noos_init.doj](seg_dmda)
    libssl.dlb[Endpoint.doj](seg_dmda)
    libssl.dlb[RemoteICC.doj](seg_dmda)
    libssl.dlb[adi_sec.doj](seg_dmda)
    libssl.dlb[adi_tru.doj](seg_dmda)
    libssl.dlb[mcapi.doj](seg_dmda)
    libssl.dlb[mcapi_endpoint.doj](seg_dmda)
    libssl.dlb[mcapi_message.doj](seg_dmda)
    libssl.dlb[mcapi_trans.doj](seg_dmda)]]></EXTENDED_INFO>
</MSG>
<MSG id='04518088' mid='li3050' type='Informational' suppressed=''>
<TEXT><![CDATA[Input section(s) were excluded from output section 'dxe_block1_data_prio2_bw']]></TEXT>
<EXTENDED_INFO><![CDATA[The following input section(s) were excluded
    libc.dlb[errno.doj](seg_dmda)
    libc.dlb[int_dispatcher_215XX_ba.doj](seg_dmda)]]></EXTENDED_INFO>
</MSG>
<MSG id='04519828' mid='li3050' type='Informational' suppressed=''>
<TEXT><![CDATA[Input section(s) were excluded from output section 'dxe_block1_data_prio3']]></TEXT>
<EXTENDED_INFO><![CDATA[The following input section(s) were excluded
    src_node1\MCAPI_msg_Node1.doj(seg_dmda)
    src_node1\node_1.doj(seg_dmda)
    system\mcapi\GeneratedSources\mcapi_config.doj(seg_dmda)
    system\startup_ldf\app_heaptab.doj(seg_dmda)
    libc.dlb[adi_fatal_data_ba.doj](seg_dmda)
    libc.dlb[default_heap_ba.doj](seg_dmda)
    libc.dlb[dispatched_handler_data_ba.doj](seg_dmda)
    libc.dlb[dispatched_handler_reg_ba.doj](seg_dmda)
    libc.dlb[dispatched_handler_table_ba.doj](seg_dmda)
    libc.dlb[exit_ba.doj](seg_dmda)
    libc.dlb[flush_data_buffer_ba.doj](seg_dmda)
    libc.dlb[free_ba.doj](seg_dmda)
    libc.dlb[heap_find_block_ba.doj](seg_dmda)
    libc.dlb[heap_install_ba.doj](seg_dmda)
    libc.dlb[heap_lookup_ba.doj](seg_dmda)
    libc.dlb[heap_malloc_ba.doj](seg_dmda)
    libc.dlb[heap_num_ba.doj](seg_dmda)
    libc.dlb[heap_setup_ba.doj](seg_dmda)
    libc.dlb[heaps_ba.doj](seg_dmda)
    libc.dlb[malloc_ba.doj](seg_dmda)
    libc.dlb[rtl_disable_interrupts_ba.doj](seg_dmda)
    libc.dlb[strtoli_ba.doj](seg_dmda)
    libc.dlb[xatexit_ba.doj](seg_dmda)
    libio.dlb[devIOtab_c08_any.doj](seg_dmda)
    libio.dlb[dev_init_c08_any.doj](seg_dmda)
    libio.dlb[dev_write_c08_any.doj](seg_dmda)
    libio.dlb[devtab_c08_any.doj](seg_dmda)
    libio.dlb[fflush_c08_any.doj](seg_dmda)
    libio.dlb[primiolibtab_c08_any.doj](seg_dmda)
    libio.dlb[xfiles_c08_any.doj](seg_dmda)
    libio.dlb[xhexdigits_c08_any.doj](seg_dmda)
    libio.dlb[xlong_to_string_c08_any.doj](seg_dmda)
    libio.dlb[xlonglong_to_string_c08_any.doj](seg_dmda)
    libio.dlb[xparse_format_c08_any.doj](seg_dmda)
    libio.dlb[xprim_c08_any.doj](seg_dmda)
    libio.dlb[xprim_close_c08_any.doj](seg_dmda)
    libio.dlb[xprim_open_c08_any.doj](seg_dmda)
    libio.dlb[xprim_read_c08_any.doj](seg_dmda)
    libio.dlb[xprim_remove_c08_any.doj](seg_dmda)
    libio.dlb[xprim_rename_c08_any.doj](seg_dmda)
    libio.dlb[xprim_seek_c08_any.doj](seg_dmda)
    libio.dlb[xprim_write2_c08_any.doj](seg_dmda)
    libio.dlb[xprint_a_float_c08_d32.doj](seg_dmda)
    libio.dlb[xprint_fixed_c08_any.doj](seg_dmda)
    libio.dlb[xprint_float_c08_d32.doj](seg_dmda)
    libio.dlb[xprnt_c08_d32.doj](seg_dmda)
    libio.dlb[xscan_c08_d32.doj](seg_dmda)
    libosal_noos.dlb[adi_osal_arch_c.doj](seg_dmda)
    libosal_noos.dlb[adi_osal_arch_int_table.doj](seg_dmda)
    libosal_noos.dlb[adi_osal_noos_init.doj](seg_dmda)
    libssl.dlb[Endpoint.doj](seg_dmda)
    libssl.dlb[RemoteICC.doj](seg_dmda)
    libssl.dlb[adi_sec.doj](seg_dmda)
    libssl.dlb[adi_tru.doj](seg_dmda)
    libssl.dlb[mcapi.doj](seg_dmda)
    libssl.dlb[mcapi_endpoint.doj](seg_dmda)
    libssl.dlb[mcapi_message.doj](seg_dmda)
    libssl.dlb[mcapi_trans.doj](seg_dmda)]]></EXTENDED_INFO>
</MSG>
<MSG id='04518788' mid='li3050' type='Informational' suppressed=''>
<TEXT><![CDATA[Input section(s) were excluded from output section 'dxe_block1_data_prio3_bw']]></TEXT>
<EXTENDED_INFO><![CDATA[The following input section(s) were excluded
    libc.dlb[errno.doj](seg_dmda)
    libc.dlb[exit_value.doj](seg_dmda)
    libc.dlb[int_dispatcher_215XX_ba.doj](seg_dmda)
    libc.dlb[xexit.doj](seg_dmda)]]></EXTENDED_INFO>
</MSG>
<MSG id='04519668' mid='li3050' type='Informational' suppressed=''>
<TEXT><![CDATA[Input section(s) were excluded from output section 'dxe_block3_nw_code_prio0']]></TEXT>
<EXTENDED_INFO><![CDATA[The following input section(s) were excluded
    app_startup.doj(seg_int_code)
    app_startup.doj(seg_int_code)
    libc.dlb[cache_set_range_ba.doj](seg_int_code)
    libc.dlb[flush_data_buffer_ba.doj](seg_int_code)]]></EXTENDED_INFO>
</MSG>
<MSG id='04517DE8' mid='li3050' type='Informational' suppressed=''>
<TEXT><![CDATA[Input section(s) were excluded from output section 'dxe_block3_nw_code_prio1']]></TEXT>
<EXTENDED_INFO><![CDATA[The following input section(s) were excluded
    libcc.dlb[memcpy.doj](seg_pmco)
    libcc.dlb[memcpy_char8_ba.doj](seg_pmco)
    libc.dlb[adi_fatal_error_ba.doj](seg_pmco)
    libc.dlb[fatal_error_ba.doj](seg_pmco)
    libc.dlb[int_dispatcher_215XX_ba.doj](seg_pmco)
    libc.dlb[isdigit.doj](seg_pmco)
    libc.dlb[isinff.doj](seg_pmco)
    libc.dlb[isspace.doj](seg_pmco)
    libc.dlb[memchr_char8_ba.doj](seg_pmco)
    libc.dlb[set_c.doj](seg_pmco)
    libosal_noos.dlb[adi_osal_noos_arch_a.doj](seg_pmco)]]></EXTENDED_INFO>
</MSG>
<MSG id='04517D08' mid='li3050' type='Informational' suppressed=''>
<TEXT><![CDATA[Input section(s) were excluded from output section 'dxe_block3_nw_code_prio2']]></TEXT>
<EXTENDED_INFO><![CDATA[The following input section(s) were excluded
    app_startup.doj(seg_pmco)
    app_startup.doj(seg_pmco)
    libcc.dlb[divrem_s32.doj](seg_pmco)
    libcc.dlb[divrem_s64_char8_ba.doj](seg_pmco)
    libcc.dlb[divrem_u32.doj](seg_pmco)
    libcc.dlb[divrem_u64_char8_ba.doj](seg_pmco)
    libcc.dlb[float_divide.doj](seg_pmco)
    libcc.dlb[flt_sprt.doj](seg_pmco)
    libcc.dlb[lib_ldtof.doj](seg_pmco)
    libcc.dlb[memcpy.doj](seg_pmco)
    libcc.dlb[memcpy_char8_ba.doj](seg_pmco)
    libcc.dlb[strlen_char8_ba.doj](seg_pmco)
    libc.dlb[adi_fatal_error_ba.doj](seg_pmco)
    libc.dlb[dispatched_handler_activate_ba.doj](seg_pmco)
    libc.dlb[dispatched_handler_deactivate_ba.doj](seg_pmco)
    libc.dlb[dispatched_handler_unregister_ba.doj](seg_pmco)
    libc.dlb[fatal_error_ba.doj](seg_pmco)
    libc.dlb[int_dispatcher_215XX_ba.doj](seg_pmco)
    libc.dlb[isdigit.doj](seg_pmco)
    libc.dlb[isinff.doj](seg_pmco)
    libc.dlb[isspace.doj](seg_pmco)
    libc.dlb[memchr_char8_ba.doj](seg_pmco)
    libc.dlb[set_c.doj](seg_pmco)
    libc.dlb[strncpy_char8_ba.doj](seg_pmco)
    libc.dlb[strtodf_ba.doj](seg_pmco)
    libc.dlb[strtoi_ba.doj](seg_pmco)
    libosal_noos.dlb[adi_osal_noos_arch_a.doj](seg_pmco)]]></EXTENDED_INFO>
</MSG>
<MSG id='045194A8' mid='li3050' type='Informational' suppressed=''>
<TEXT><![CDATA[Input section(s) were excluded from output section 'dxe_block3_nw_code_prio3']]></TEXT>
<EXTENDED_INFO><![CDATA[The following input section(s) were excluded
    app_startup.doj(seg_pmco)
    app_startup.doj(seg_pmco)
    libcc.dlb[divrem_s32.doj](seg_pmco)
    libcc.dlb[divrem_s64_char8_ba.doj](seg_pmco)
    libcc.dlb[divrem_u32.doj](seg_pmco)
    libcc.dlb[divrem_u64_char8_ba.doj](seg_pmco)
    libcc.dlb[float_divide.doj](seg_pmco)
    libcc.dlb[flt_sprt.doj](seg_pmco)
    libcc.dlb[lib_ldtof.doj](seg_pmco)
    libcc.dlb[memcpy.doj](seg_pmco)
    libcc.dlb[memcpy_char8_ba.doj](seg_pmco)
    libcc.dlb[strlen_char8_ba.doj](seg_pmco)
    libc.dlb[adi_bad_reset_detected.doj](seg_pmco)
    libc.dlb[adi_fatal_error_ba.doj](seg_pmco)
    libc.dlb[adi_ilop_detected.doj](seg_pmco)
    libc.dlb[adi_parity_error_detected.doj](seg_pmco)
    libc.dlb[dispatched_handler_activate_ba.doj](seg_pmco)
    libc.dlb[dispatched_handler_deactivate_ba.doj](seg_pmco)
    libc.dlb[dispatched_handler_unregister_ba.doj](seg_pmco)
    libc.dlb[fatal_error_ba.doj](seg_pmco)
    libc.dlb[int_dispatcher_215XX_ba.doj](seg_pmco)
    libc.dlb[isdigit.doj](seg_pmco)
    libc.dlb[isinff.doj](seg_pmco)
    libc.dlb[isspace.doj](seg_pmco)
    libc.dlb[memchr_char8_ba.doj](seg_pmco)
    libc.dlb[no_dispatched_handler.doj](seg_pmco)
    libc.dlb[set_c.doj](seg_pmco)
    libc.dlb[strncpy_char8_ba.doj](seg_pmco)
    libc.dlb[strtodf_ba.doj](seg_pmco)
    libc.dlb[strtoi_ba.doj](seg_pmco)
    libosal_noos.dlb[adi_osal_noos_arch_a.doj](seg_pmco)]]></EXTENDED_INFO>
</MSG>
<MSG id='04517EC8' mid='li3050' type='Informational' suppressed=''>
<TEXT><![CDATA[Input section(s) were excluded from output section 'dxe_block0_nw_code']]></TEXT>
<EXTENDED_INFO><![CDATA[The following input section(s) were excluded
    app_startup.doj(seg_int_code)
    app_startup.doj(seg_int_code)
    libc.dlb[cache_set_range_ba.doj](seg_int_code)
    libc.dlb[flush_data_buffer_ba.doj](seg_int_code)
    app_startup.doj(seg_pmco)
    app_startup.doj(seg_pmco)
    libcc.dlb[divrem_s32.doj](seg_pmco)
    libcc.dlb[divrem_s64_char8_ba.doj](seg_pmco)
    libcc.dlb[divrem_u32.doj](seg_pmco)
    libcc.dlb[divrem_u64_char8_ba.doj](seg_pmco)
    libcc.dlb[float_divide.doj](seg_pmco)
    libcc.dlb[flt_sprt.doj](seg_pmco)
    libcc.dlb[lib_ldtof.doj](seg_pmco)
    libcc.dlb[memcpy.doj](seg_pmco)
    libcc.dlb[memcpy_char8_ba.doj](seg_pmco)
    libcc.dlb[strlen_char8_ba.doj](seg_pmco)
    libc.dlb[adi_bad_reset_detected.doj](seg_pmco)
    libc.dlb[adi_fatal_error_ba.doj](seg_pmco)
    libc.dlb[adi_ilop_detected.doj](seg_pmco)
    libc.dlb[adi_parity_error_detected.doj](seg_pmco)
    libc.dlb[dispatched_handler_activate_ba.doj](seg_pmco)
    libc.dlb[dispatched_handler_deactivate_ba.doj](seg_pmco)
    libc.dlb[dispatched_handler_unregister_ba.doj](seg_pmco)
    libc.dlb[fatal_error_ba.doj](seg_pmco)
    libc.dlb[int_dispatcher_215XX_ba.doj](seg_pmco)
    libc.dlb[isdigit.doj](seg_pmco)
    libc.dlb[isinff.doj](seg_pmco)
    libc.dlb[isspace.doj](seg_pmco)
    libc.dlb[memchr_char8_ba.doj](seg_pmco)
    libc.dlb[no_dispatched_handler.doj](seg_pmco)
    libc.dlb[set_c.doj](seg_pmco)
    libc.dlb[strncpy_char8_ba.doj](seg_pmco)
    libc.dlb[strtodf_ba.doj](seg_pmco)
    libc.dlb[strtoi_ba.doj](seg_pmco)
    libosal_noos.dlb[adi_osal_noos_arch_a.doj](seg_pmco)]]></EXTENDED_INFO>
</MSG>
<MSG id='04519588' mid='li3050' type='Informational' suppressed=''>
<TEXT><![CDATA[Input section(s) were excluded from output section 'dxe_block2_data']]></TEXT>
<EXTENDED_INFO><![CDATA[The following input section(s) were excluded
    src_node1\MCAPI_msg_Node1.doj(seg_dmda)
    src_node1\node_1.doj(seg_dmda)
    system\mcapi\GeneratedSources\mcapi_config.doj(seg_dmda)
    system\startup_ldf\app_heaptab.doj(seg_dmda)
    libc.dlb[adi_fatal_data_ba.doj](seg_dmda)
    libc.dlb[cache_set_range_ba.doj](seg_int_data)
    libc.dlb[default_heap_ba.doj](seg_dmda)
    libc.dlb[dispatched_handler_data_ba.doj](seg_dmda)
    libc.dlb[dispatched_handler_reg_ba.doj](seg_dmda)
    libc.dlb[dispatched_handler_table_ba.doj](seg_dmda)
    libc.dlb[exit_ba.doj](seg_dmda)
    libc.dlb[flush_data_buffer_ba.doj](seg_dmda)
    libc.dlb[free_ba.doj](seg_dmda)
    libc.dlb[heap_find_block_ba.doj](seg_dmda)
    libc.dlb[heap_install_ba.doj](seg_dmda)
    libc.dlb[heap_lookup_ba.doj](seg_dmda)
    libc.dlb[heap_malloc_ba.doj](seg_dmda)
    libc.dlb[heap_num_ba.doj](seg_dmda)
    libc.dlb[heap_setup_ba.doj](seg_dmda)
    libc.dlb[heaps_ba.doj](seg_dmda)
    libc.dlb[malloc_ba.doj](seg_dmda)
    libc.dlb[rtl_disable_interrupts_ba.doj](seg_dmda)
    libc.dlb[strtoli_ba.doj](seg_dmda)
    libc.dlb[xatexit_ba.doj](seg_dmda)
    libio.dlb[devIOtab_c08_any.doj](seg_dmda)
    libio.dlb[dev_init_c08_any.doj](seg_dmda)
    libio.dlb[dev_write_c08_any.doj](seg_dmda)
    libio.dlb[devtab_c08_any.doj](seg_dmda)
    libio.dlb[fflush_c08_any.doj](seg_dmda)
    libio.dlb[primiolibtab_c08_any.doj](seg_dmda)
    libio.dlb[xfiles_c08_any.doj](seg_dmda)
    libio.dlb[xhexdigits_c08_any.doj](seg_dmda)
    libio.dlb[xlong_to_string_c08_any.doj](seg_dmda)
    libio.dlb[xlonglong_to_string_c08_any.doj](seg_dmda)
    libio.dlb[xparse_format_c08_any.doj](seg_dmda)
    libio.dlb[xprim_c08_any.doj](seg_dmda)
    libio.dlb[xprim_close_c08_any.doj](seg_dmda)
    libio.dlb[xprim_open_c08_any.doj](seg_dmda)
    libio.dlb[xprim_read_c08_any.doj](seg_dmda)
    libio.dlb[xprim_remove_c08_any.doj](seg_dmda)
    libio.dlb[xprim_rename_c08_any.doj](seg_dmda)
    libio.dlb[xprim_seek_c08_any.doj](seg_dmda)
    libio.dlb[xprim_write2_c08_any.doj](seg_dmda)
    libio.dlb[xprint_a_float_c08_d32.doj](seg_dmda)
    libio.dlb[xprint_fixed_c08_any.doj](seg_dmda)
    libio.dlb[xprint_float_c08_d32.doj](seg_dmda)
    libio.dlb[xprnt_c08_d32.doj](seg_dmda)
    libio.dlb[xscan_c08_d32.doj](seg_dmda)
    libosal_noos.dlb[adi_osal_arch_c.doj](seg_dmda)
    libosal_noos.dlb[adi_osal_arch_int_table.doj](seg_dmda)
    libosal_noos.dlb[adi_osal_noos_init.doj](seg_dmda)
    libssl.dlb[Endpoint.doj](seg_dmda)
    libssl.dlb[RemoteICC.doj](seg_dmda)
    libssl.dlb[adi_sec.doj](seg_dmda)
    libssl.dlb[adi_tru.doj](seg_dmda)
    libssl.dlb[mcapi.doj](seg_dmda)
    libssl.dlb[mcapi_endpoint.doj](seg_dmda)
    libssl.dlb[mcapi_message.doj](seg_dmda)
    libssl.dlb[mcapi_trans.doj](seg_dmda)]]></EXTENDED_INFO>
</MSG>
<MSG id='04519748' mid='li3050' type='Informational' suppressed=''>
<TEXT><![CDATA[Input section(s) were excluded from output section 'dxe_block2_data_bw']]></TEXT>
<EXTENDED_INFO><![CDATA[The following input section(s) were excluded
    libc.dlb[errno.doj](seg_dmda)
    libc.dlb[exit_value.doj](seg_dmda)
    libc.dlb[int_dispatcher_215XX_ba.doj](seg_dmda)
    libc.dlb[xexit.doj](seg_dmda)]]></EXTENDED_INFO>
</MSG>
<MSG id='04517FA8' mid='li3050' type='Informational' suppressed=''>
<TEXT><![CDATA[Input section(s) were excluded from output section 'dxe_block3_data']]></TEXT>
<EXTENDED_INFO><![CDATA[The following input section(s) were excluded
    src_node1\MCAPI_msg_Node1.doj(seg_dmda)
    src_node1\node_1.doj(seg_dmda)
    system\mcapi\GeneratedSources\mcapi_config.doj(seg_dmda)
    system\startup_ldf\app_heaptab.doj(seg_dmda)
    libc.dlb[adi_fatal_data_ba.doj](seg_dmda)
    libc.dlb[cache_set_range_ba.doj](seg_int_data)
    libc.dlb[default_heap_ba.doj](seg_dmda)
    libc.dlb[dispatched_handler_data_ba.doj](seg_dmda)
    libc.dlb[dispatched_handler_reg_ba.doj](seg_dmda)
    libc.dlb[dispatched_handler_table_ba.doj](seg_dmda)
    libc.dlb[exit_ba.doj](seg_dmda)
    libc.dlb[flush_data_buffer_ba.doj](seg_dmda)
    libc.dlb[free_ba.doj](seg_dmda)
    libc.dlb[heap_find_block_ba.doj](seg_dmda)
    libc.dlb[heap_install_ba.doj](seg_dmda)
    libc.dlb[heap_lookup_ba.doj](seg_dmda)
    libc.dlb[heap_malloc_ba.doj](seg_dmda)
    libc.dlb[heap_num_ba.doj](seg_dmda)
    libc.dlb[heap_setup_ba.doj](seg_dmda)
    libc.dlb[heaps_ba.doj](seg_dmda)
    libc.dlb[malloc_ba.doj](seg_dmda)
    libc.dlb[rtl_disable_interrupts_ba.doj](seg_dmda)
    libc.dlb[strtoli_ba.doj](seg_dmda)
    libc.dlb[xatexit_ba.doj](seg_dmda)
    libio.dlb[devIOtab_c08_any.doj](seg_dmda)
    libio.dlb[dev_init_c08_any.doj](seg_dmda)
    libio.dlb[dev_write_c08_any.doj](seg_dmda)
    libio.dlb[devtab_c08_any.doj](seg_dmda)
    libio.dlb[fflush_c08_any.doj](seg_dmda)
    libio.dlb[primiolibtab_c08_any.doj](seg_dmda)
    libio.dlb[xfiles_c08_any.doj](seg_dmda)
    libio.dlb[xhexdigits_c08_any.doj](seg_dmda)
    libio.dlb[xlong_to_string_c08_any.doj](seg_dmda)
    libio.dlb[xlonglong_to_string_c08_any.doj](seg_dmda)
    libio.dlb[xparse_format_c08_any.doj](seg_dmda)
    libio.dlb[xprim_c08_any.doj](seg_dmda)
    libio.dlb[xprim_close_c08_any.doj](seg_dmda)
    libio.dlb[xprim_open_c08_any.doj](seg_dmda)
    libio.dlb[xprim_read_c08_any.doj](seg_dmda)
    libio.dlb[xprim_remove_c08_any.doj](seg_dmda)
    libio.dlb[xprim_rename_c08_any.doj](seg_dmda)
    libio.dlb[xprim_seek_c08_any.doj](seg_dmda)
    libio.dlb[xprim_write2_c08_any.doj](seg_dmda)
    libio.dlb[xprint_a_float_c08_d32.doj](seg_dmda)
    libio.dlb[xprint_fixed_c08_any.doj](seg_dmda)
    libio.dlb[xprint_float_c08_d32.doj](seg_dmda)
    libio.dlb[xprnt_c08_d32.doj](seg_dmda)
    libio.dlb[xscan_c08_d32.doj](seg_dmda)
    libosal_noos.dlb[adi_osal_arch_c.doj](seg_dmda)
    libosal_noos.dlb[adi_osal_arch_int_table.doj](seg_dmda)
    libosal_noos.dlb[adi_osal_noos_init.doj](seg_dmda)
    libssl.dlb[Endpoint.doj](seg_dmda)
    libssl.dlb[RemoteICC.doj](seg_dmda)
    libssl.dlb[adi_sec.doj](seg_dmda)
    libssl.dlb[adi_tru.doj](seg_dmda)
    libssl.dlb[mcapi.doj](seg_dmda)
    libssl.dlb[mcapi_endpoint.doj](seg_dmda)
    libssl.dlb[mcapi_message.doj](seg_dmda)
    libssl.dlb[mcapi_trans.doj](seg_dmda)]]></EXTENDED_INFO>
</MSG>
<MSG id='04518B08' mid='li3050' type='Informational' suppressed=''>
<TEXT><![CDATA[Input section(s) were excluded from output section 'dxe_block3_data_bw']]></TEXT>
<EXTENDED_INFO><![CDATA[The following input section(s) were excluded
    libc.dlb[errno.doj](seg_dmda)
    libc.dlb[exit_value.doj](seg_dmda)
    libc.dlb[int_dispatcher_215XX_ba.doj](seg_dmda)
    libc.dlb[xexit.doj](seg_dmda)]]></EXTENDED_INFO>
</MSG>
<MSG id='04518A28' mid='li3050' type='Informational' suppressed=''>
<TEXT><![CDATA[Input section(s) were excluded from output section 'dxe_l2_cpp_eh_gdt_nw']]></TEXT>
<EXTENDED_INFO><![CDATA[The following input section(s) were excluded
    app_startup.doj(.gdt)
    app_startup.doj(.gdt)]]></EXTENDED_INFO>
</MSG>
<MSG id='04519208' mid='li3050' type='Informational' suppressed=''>
<TEXT><![CDATA[Input section(s) were excluded from output section 'dxe_l2_cpp_ctors_bw']]></TEXT>
<EXTENDED_INFO><![CDATA[The following input section(s) were excluded
    app_startup.doj(seg_ctdml)
    app_startup.doj(seg_ctdml)
    libc.dlb[set_c.doj](seg_ctdml)]]></EXTENDED_INFO>
</MSG>
<MSG id='04518248' mid='li3050' type='Informational' suppressed=''>
<TEXT><![CDATA[Input section(s) were excluded from output section 'dxe_l2_nw_code']]></TEXT>
<EXTENDED_INFO><![CDATA[The following input section(s) were excluded
    app_startup.doj(seg_pmco)
    app_startup.doj(seg_pmco)
    libcc.dlb[divrem_s32.doj](seg_pmco)
    libcc.dlb[divrem_s64_char8_ba.doj](seg_pmco)
    libcc.dlb[divrem_u32.doj](seg_pmco)
    libcc.dlb[divrem_u64_char8_ba.doj](seg_pmco)
    libcc.dlb[float_divide.doj](seg_pmco)
    libcc.dlb[flt_sprt.doj](seg_pmco)
    libcc.dlb[lib_ldtof.doj](seg_pmco)
    libcc.dlb[memcpy.doj](seg_pmco)
    libcc.dlb[memcpy_char8_ba.doj](seg_pmco)
    libcc.dlb[strlen_char8_ba.doj](seg_pmco)
    libc.dlb[adi_bad_reset_detected.doj](seg_pmco)
    libc.dlb[adi_fatal_error_ba.doj](seg_pmco)
    libc.dlb[adi_ilop_detected.doj](seg_pmco)
    libc.dlb[adi_parity_error_detected.doj](seg_pmco)
    libc.dlb[dispatched_handler_activate_ba.doj](seg_pmco)
    libc.dlb[dispatched_handler_deactivate_ba.doj](seg_pmco)
    libc.dlb[dispatched_handler_unregister_ba.doj](seg_pmco)
    libc.dlb[fatal_error_ba.doj](seg_pmco)
    libc.dlb[int_dispatcher_215XX_ba.doj](seg_pmco)
    libc.dlb[isdigit.doj](seg_pmco)
    libc.dlb[isinff.doj](seg_pmco)
    libc.dlb[isspace.doj](seg_pmco)
    libc.dlb[memchr_char8_ba.doj](seg_pmco)
    libc.dlb[no_dispatched_handler.doj](seg_pmco)
    libc.dlb[set_c.doj](seg_pmco)
    libc.dlb[strncpy_char8_ba.doj](seg_pmco)
    libc.dlb[strtodf_ba.doj](seg_pmco)
    libc.dlb[strtoi_ba.doj](seg_pmco)
    libosal_noos.dlb[adi_osal_noos_arch_a.doj](seg_pmco)]]></EXTENDED_INFO>
</MSG>
<MSG id='04518328' mid='li3050' type='Informational' suppressed=''>
<TEXT><![CDATA[Input section(s) were excluded from output section 'dxe_l2_data']]></TEXT>
<EXTENDED_INFO><![CDATA[The following input section(s) were excluded
    src_node1\MCAPI_msg_Node1.doj(seg_dmda)
    src_node1\node_1.doj(seg_dmda)
    system\mcapi\GeneratedSources\mcapi_config.doj(seg_dmda)
    system\startup_ldf\app_heaptab.doj(seg_dmda)
    libc.dlb[adi_fatal_data_ba.doj](seg_dmda)
    libc.dlb[default_heap_ba.doj](seg_dmda)
    libc.dlb[dispatched_handler_data_ba.doj](seg_dmda)
    libc.dlb[dispatched_handler_reg_ba.doj](seg_dmda)
    libc.dlb[dispatched_handler_table_ba.doj](seg_dmda)
    libc.dlb[exit_ba.doj](seg_dmda)
    libc.dlb[flush_data_buffer_ba.doj](seg_dmda)
    libc.dlb[free_ba.doj](seg_dmda)
    libc.dlb[heap_find_block_ba.doj](seg_dmda)
    libc.dlb[heap_install_ba.doj](seg_dmda)
    libc.dlb[heap_lookup_ba.doj](seg_dmda)
    libc.dlb[heap_malloc_ba.doj](seg_dmda)
    libc.dlb[heap_num_ba.doj](seg_dmda)
    libc.dlb[heap_setup_ba.doj](seg_dmda)
    libc.dlb[heaps_ba.doj](seg_dmda)
    libc.dlb[malloc_ba.doj](seg_dmda)
    libc.dlb[rtl_disable_interrupts_ba.doj](seg_dmda)
    libc.dlb[strtoli_ba.doj](seg_dmda)
    libc.dlb[xatexit_ba.doj](seg_dmda)
    libio.dlb[devIOtab_c08_any.doj](seg_dmda)
    libio.dlb[dev_init_c08_any.doj](seg_dmda)
    libio.dlb[dev_write_c08_any.doj](seg_dmda)
    libio.dlb[devtab_c08_any.doj](seg_dmda)
    libio.dlb[fflush_c08_any.doj](seg_dmda)
    libio.dlb[primiolibtab_c08_any.doj](seg_dmda)
    libio.dlb[xfiles_c08_any.doj](seg_dmda)
    libio.dlb[xhexdigits_c08_any.doj](seg_dmda)
    libio.dlb[xlong_to_string_c08_any.doj](seg_dmda)
    libio.dlb[xlonglong_to_string_c08_any.doj](seg_dmda)
    libio.dlb[xparse_format_c08_any.doj](seg_dmda)
    libio.dlb[xprim_c08_any.doj](seg_dmda)
    libio.dlb[xprim_close_c08_any.doj](seg_dmda)
    libio.dlb[xprim_open_c08_any.doj](seg_dmda)
    libio.dlb[xprim_read_c08_any.doj](seg_dmda)
    libio.dlb[xprim_remove_c08_any.doj](seg_dmda)
    libio.dlb[xprim_rename_c08_any.doj](seg_dmda)
    libio.dlb[xprim_seek_c08_any.doj](seg_dmda)
    libio.dlb[xprim_write2_c08_any.doj](seg_dmda)
    libio.dlb[xprint_a_float_c08_d32.doj](seg_dmda)
    libio.dlb[xprint_fixed_c08_any.doj](seg_dmda)
    libio.dlb[xprint_float_c08_d32.doj](seg_dmda)
    libio.dlb[xprnt_c08_d32.doj](seg_dmda)
    libio.dlb[xscan_c08_d32.doj](seg_dmda)
    libosal_noos.dlb[adi_osal_arch_c.doj](seg_dmda)
    libosal_noos.dlb[adi_osal_arch_int_table.doj](seg_dmda)
    libosal_noos.dlb[adi_osal_noos_init.doj](seg_dmda)
    libssl.dlb[Endpoint.doj](seg_dmda)
    libssl.dlb[RemoteICC.doj](seg_dmda)
    libssl.dlb[adi_sec.doj](seg_dmda)
    libssl.dlb[adi_tru.doj](seg_dmda)
    libssl.dlb[mcapi.doj](seg_dmda)
    libssl.dlb[mcapi_endpoint.doj](seg_dmda)
    libssl.dlb[mcapi_message.doj](seg_dmda)
    libssl.dlb[mcapi_trans.doj](seg_dmda)]]></EXTENDED_INFO>
</MSG>
<MSG id='04518DA8' mid='li3050' type='Informational' suppressed=''>
<TEXT><![CDATA[Input section(s) were excluded from output section 'dxe_l2_data_bw']]></TEXT>
<EXTENDED_INFO><![CDATA[The following input section(s) were excluded
    libc.dlb[errno.doj](seg_dmda)
    libc.dlb[exit_value.doj](seg_dmda)
    libc.dlb[int_dispatcher_215XX_ba.doj](seg_dmda)
    libc.dlb[xexit.doj](seg_dmda)]]></EXTENDED_INFO>
</MSG>
<MSG id='04518408' mid='li3050' type='Informational' suppressed=''>
<TEXT><![CDATA[Input section(s) were excluded from output section 'dxe_l2_uncached']]></TEXT>
<EXTENDED_INFO><![CDATA[The following input section(s) were excluded
    system\mcapi\GeneratedSources\mcapi_config.doj(seg_l2_uncached)]]></EXTENDED_INFO>
</MSG>
</DOCUMENT>
