<?xml version="1.0" standalone="no"?>
<?xml-stylesheet type="text/xsl" href="file:///C:/Analog Devices/CrossCore Embedded Studio 2.10.0/System/linker_log.xsl"?>
<DOCUMENT gen_time='Thu Mar  3 13:25:15 2022
'>
<MSG id='041C5398' mid='li3050' type='Informational' suppressed=''>
<TEXT><![CDATA[Input section(s) were excluded from output section 'dxe_block0_data_prio1']]></TEXT>
<EXTENDED_INFO><![CDATA[The following input section(s) were excluded
    libc.dlb[dispatched_handler_data_ba.doj](seg_dmda)
    libc.dlb[dispatched_handler_table_ba.doj](seg_dmda)
    libc.dlb[free_ba.doj](seg_dmda)
    libc.dlb[heap_find_block_ba.doj](seg_dmda)
    libc.dlb[heap_malloc_ba.doj](seg_dmda)
    libc.dlb[heap_num_ba.doj](seg_dmda)
    libc.dlb[heaps_ba.doj](seg_dmda)
    libc.dlb[rtl_disable_interrupts_ba.doj](seg_dmda)
    libosal_noos.dlb[adi_osal_arch_int_table.doj](seg_dmda)]]></EXTENDED_INFO>
</MSG>
<MSG id='041C4598' mid='li3050' type='Informational' suppressed=''>
<TEXT><![CDATA[Input section(s) were excluded from output section 'dxe_block0_data_prio1_bw']]></TEXT>
<EXTENDED_INFO><![CDATA[The following input section(s) were excluded
    libc.dlb[int_dispatcher_215XX_ba.doj](seg_dmda)]]></EXTENDED_INFO>
</MSG>
<MSG id='041C5638' mid='li3050' type='Informational' suppressed=''>
<TEXT><![CDATA[Input section(s) were excluded from output section 'dxe_block0_data_prio2']]></TEXT>
<EXTENDED_INFO><![CDATA[The following input section(s) were excluded
    system\startup_ldf\app_heaptab.doj(seg_dmda)
    libc.dlb[adi_fatal_data_ba.doj](seg_dmda)
    libc.dlb[dispatched_handler_data_ba.doj](seg_dmda)
    libc.dlb[dispatched_handler_reg_ba.doj](seg_dmda)
    libc.dlb[dispatched_handler_table_ba.doj](seg_dmda)
    libc.dlb[free_ba.doj](seg_dmda)
    libc.dlb[heap_find_block_ba.doj](seg_dmda)
    libc.dlb[heap_install_ba.doj](seg_dmda)
    libc.dlb[heap_lookup_ba.doj](seg_dmda)
    libc.dlb[heap_malloc_ba.doj](seg_dmda)
    libc.dlb[heap_num_ba.doj](seg_dmda)
    libc.dlb[heap_setup_ba.doj](seg_dmda)
    libc.dlb[heaps_ba.doj](seg_dmda)
    libc.dlb[rtl_disable_interrupts_ba.doj](seg_dmda)
    libosal_noos.dlb[adi_osal_arch_c.doj](seg_dmda)
    libosal_noos.dlb[adi_osal_arch_int_table.doj](seg_dmda)
    libosal_noos.dlb[adi_osal_noos_init.doj](seg_dmda)
    libssl.dlb[adi_gpio.doj](seg_dmda)
    libssl.dlb[adi_sec.doj](seg_dmda)]]></EXTENDED_INFO>
</MSG>
<MSG id='041C51D8' mid='li3050' type='Informational' suppressed=''>
<TEXT><![CDATA[Input section(s) were excluded from output section 'dxe_block0_data_prio2_bw']]></TEXT>
<EXTENDED_INFO><![CDATA[The following input section(s) were excluded
    libc.dlb[int_dispatcher_215XX_ba.doj](seg_dmda)]]></EXTENDED_INFO>
</MSG>
<MSG id='041C5018' mid='li3050' type='Informational' suppressed=''>
<TEXT><![CDATA[Input section(s) were excluded from output section 'dxe_block0_data_prio3']]></TEXT>
<EXTENDED_INFO><![CDATA[The following input section(s) were excluded
    system\startup_ldf\app_heaptab.doj(seg_dmda)
    libc.dlb[adi_fatal_data_ba.doj](seg_dmda)
    libc.dlb[dispatched_handler_data_ba.doj](seg_dmda)
    libc.dlb[dispatched_handler_reg_ba.doj](seg_dmda)
    libc.dlb[dispatched_handler_table_ba.doj](seg_dmda)
    libc.dlb[free_ba.doj](seg_dmda)
    libc.dlb[heap_find_block_ba.doj](seg_dmda)
    libc.dlb[heap_install_ba.doj](seg_dmda)
    libc.dlb[heap_lookup_ba.doj](seg_dmda)
    libc.dlb[heap_malloc_ba.doj](seg_dmda)
    libc.dlb[heap_num_ba.doj](seg_dmda)
    libc.dlb[heap_setup_ba.doj](seg_dmda)
    libc.dlb[heaps_ba.doj](seg_dmda)
    libc.dlb[rtl_disable_interrupts_ba.doj](seg_dmda)
    libosal_noos.dlb[adi_osal_arch_c.doj](seg_dmda)
    libosal_noos.dlb[adi_osal_arch_int_table.doj](seg_dmda)
    libosal_noos.dlb[adi_osal_noos_init.doj](seg_dmda)
    libssl.dlb[adi_gpio.doj](seg_dmda)
    libssl.dlb[adi_sec.doj](seg_dmda)]]></EXTENDED_INFO>
</MSG>
<MSG id='041C4BB8' mid='li3050' type='Informational' suppressed=''>
<TEXT><![CDATA[Input section(s) were excluded from output section 'dxe_block0_data_prio3_bw']]></TEXT>
<EXTENDED_INFO><![CDATA[The following input section(s) were excluded
    libc.dlb[int_dispatcher_215XX_ba.doj](seg_dmda)]]></EXTENDED_INFO>
</MSG>
<MSG id='041C43D8' mid='li3050' type='Informational' suppressed=''>
<TEXT><![CDATA[Input section(s) were excluded from output section 'dxe_block1_data_prio1']]></TEXT>
<EXTENDED_INFO><![CDATA[The following input section(s) were excluded
    libc.dlb[dispatched_handler_data_ba.doj](seg_dmda)
    libc.dlb[dispatched_handler_table_ba.doj](seg_dmda)
    libc.dlb[free_ba.doj](seg_dmda)
    libc.dlb[heap_find_block_ba.doj](seg_dmda)
    libc.dlb[heap_malloc_ba.doj](seg_dmda)
    libc.dlb[heap_num_ba.doj](seg_dmda)
    libc.dlb[heaps_ba.doj](seg_dmda)
    libc.dlb[rtl_disable_interrupts_ba.doj](seg_dmda)
    libosal_noos.dlb[adi_osal_arch_int_table.doj](seg_dmda)]]></EXTENDED_INFO>
</MSG>
<MSG id='041C52B8' mid='li3050' type='Informational' suppressed=''>
<TEXT><![CDATA[Input section(s) were excluded from output section 'dxe_block1_data_prio1_bw']]></TEXT>
<EXTENDED_INFO><![CDATA[The following input section(s) were excluded
    libc.dlb[int_dispatcher_215XX_ba.doj](seg_dmda)]]></EXTENDED_INFO>
</MSG>
<MSG id='041C5B78' mid='li3050' type='Informational' suppressed=''>
<TEXT><![CDATA[Input section(s) were excluded from output section 'dxe_block1_data_prio2']]></TEXT>
<EXTENDED_INFO><![CDATA[The following input section(s) were excluded
    system\startup_ldf\app_heaptab.doj(seg_dmda)
    libc.dlb[adi_fatal_data_ba.doj](seg_dmda)
    libc.dlb[dispatched_handler_data_ba.doj](seg_dmda)
    libc.dlb[dispatched_handler_reg_ba.doj](seg_dmda)
    libc.dlb[dispatched_handler_table_ba.doj](seg_dmda)
    libc.dlb[free_ba.doj](seg_dmda)
    libc.dlb[heap_find_block_ba.doj](seg_dmda)
    libc.dlb[heap_install_ba.doj](seg_dmda)
    libc.dlb[heap_lookup_ba.doj](seg_dmda)
    libc.dlb[heap_malloc_ba.doj](seg_dmda)
    libc.dlb[heap_num_ba.doj](seg_dmda)
    libc.dlb[heap_setup_ba.doj](seg_dmda)
    libc.dlb[heaps_ba.doj](seg_dmda)
    libc.dlb[rtl_disable_interrupts_ba.doj](seg_dmda)
    libosal_noos.dlb[adi_osal_arch_c.doj](seg_dmda)
    libosal_noos.dlb[adi_osal_arch_int_table.doj](seg_dmda)
    libosal_noos.dlb[adi_osal_noos_init.doj](seg_dmda)
    libssl.dlb[adi_gpio.doj](seg_dmda)
    libssl.dlb[adi_sec.doj](seg_dmda)]]></EXTENDED_INFO>
</MSG>
<MSG id='041C50F8' mid='li3050' type='Informational' suppressed=''>
<TEXT><![CDATA[Input section(s) were excluded from output section 'dxe_block1_data_prio2_bw']]></TEXT>
<EXTENDED_INFO><![CDATA[The following input section(s) were excluded
    libc.dlb[int_dispatcher_215XX_ba.doj](seg_dmda)]]></EXTENDED_INFO>
</MSG>
<MSG id='041C59B8' mid='li3050' type='Informational' suppressed=''>
<TEXT><![CDATA[Input section(s) were excluded from output section 'dxe_block1_data_prio3']]></TEXT>
<EXTENDED_INFO><![CDATA[The following input section(s) were excluded
    system\startup_ldf\app_heaptab.doj(seg_dmda)
    libc.dlb[adi_fatal_data_ba.doj](seg_dmda)
    libc.dlb[dispatched_handler_data_ba.doj](seg_dmda)
    libc.dlb[dispatched_handler_reg_ba.doj](seg_dmda)
    libc.dlb[dispatched_handler_table_ba.doj](seg_dmda)
    libc.dlb[free_ba.doj](seg_dmda)
    libc.dlb[heap_find_block_ba.doj](seg_dmda)
    libc.dlb[heap_install_ba.doj](seg_dmda)
    libc.dlb[heap_lookup_ba.doj](seg_dmda)
    libc.dlb[heap_malloc_ba.doj](seg_dmda)
    libc.dlb[heap_num_ba.doj](seg_dmda)
    libc.dlb[heap_setup_ba.doj](seg_dmda)
    libc.dlb[heaps_ba.doj](seg_dmda)
    libc.dlb[rtl_disable_interrupts_ba.doj](seg_dmda)
    libosal_noos.dlb[adi_osal_arch_c.doj](seg_dmda)
    libosal_noos.dlb[adi_osal_arch_int_table.doj](seg_dmda)
    libosal_noos.dlb[adi_osal_noos_init.doj](seg_dmda)
    libssl.dlb[adi_gpio.doj](seg_dmda)
    libssl.dlb[adi_sec.doj](seg_dmda)]]></EXTENDED_INFO>
</MSG>
<MSG id='041C42F8' mid='li3050' type='Informational' suppressed=''>
<TEXT><![CDATA[Input section(s) were excluded from output section 'dxe_block1_data_prio3_bw']]></TEXT>
<EXTENDED_INFO><![CDATA[The following input section(s) were excluded
    libc.dlb[int_dispatcher_215XX_ba.doj](seg_dmda)]]></EXTENDED_INFO>
</MSG>
<MSG id='041C4AD8' mid='li3050' type='Informational' suppressed=''>
<TEXT><![CDATA[Input section(s) were excluded from output section 'dxe_block3_nw_code_prio0']]></TEXT>
<EXTENDED_INFO><![CDATA[The following input section(s) were excluded
    app_startup.doj(seg_int_code)
    app_startup.doj(seg_int_code)]]></EXTENDED_INFO>
</MSG>
<MSG id='041C4678' mid='li3050' type='Informational' suppressed=''>
<TEXT><![CDATA[Input section(s) were excluded from output section 'dxe_block3_nw_code_prio1']]></TEXT>
<EXTENDED_INFO><![CDATA[The following input section(s) were excluded
    libc.dlb[adi_fatal_error_ba.doj](seg_pmco)
    libc.dlb[fatal_error_ba.doj](seg_pmco)
    libc.dlb[int_dispatcher_215XX_ba.doj](seg_pmco)
    libc.dlb[set_c.doj](seg_pmco)
    libosal_noos.dlb[adi_osal_noos_arch_a.doj](seg_pmco)]]></EXTENDED_INFO>
</MSG>
<MSG id='041C4918' mid='li3050' type='Informational' suppressed=''>
<TEXT><![CDATA[Input section(s) were excluded from output section 'dxe_block3_nw_code_prio2']]></TEXT>
<EXTENDED_INFO><![CDATA[The following input section(s) were excluded
    app_startup.doj(seg_pmco)
    app_startup.doj(seg_pmco)
    libc.dlb[adi_fatal_error_ba.doj](seg_pmco)
    libc.dlb[dispatched_handler_activate_ba.doj](seg_pmco)
    libc.dlb[dispatched_handler_deactivate_ba.doj](seg_pmco)
    libc.dlb[dispatched_handler_unregister_ba.doj](seg_pmco)
    libc.dlb[fatal_error_ba.doj](seg_pmco)
    libc.dlb[int_dispatcher_215XX_ba.doj](seg_pmco)
    libc.dlb[set_c.doj](seg_pmco)
    libosal_noos.dlb[adi_osal_noos_arch_a.doj](seg_pmco)]]></EXTENDED_INFO>
</MSG>
<MSG id='041C5A98' mid='li3050' type='Informational' suppressed=''>
<TEXT><![CDATA[Input section(s) were excluded from output section 'dxe_block3_nw_code_prio3']]></TEXT>
<EXTENDED_INFO><![CDATA[The following input section(s) were excluded
    app_startup.doj(seg_pmco)
    app_startup.doj(seg_pmco)
    libc.dlb[adi_bad_reset_detected.doj](seg_pmco)
    libc.dlb[adi_fatal_error_ba.doj](seg_pmco)
    libc.dlb[adi_ilop_detected.doj](seg_pmco)
    libc.dlb[adi_parity_error_detected.doj](seg_pmco)
    libc.dlb[dispatched_handler_activate_ba.doj](seg_pmco)
    libc.dlb[dispatched_handler_deactivate_ba.doj](seg_pmco)
    libc.dlb[dispatched_handler_unregister_ba.doj](seg_pmco)
    libc.dlb[fatal_error_ba.doj](seg_pmco)
    libc.dlb[int_dispatcher_215XX_ba.doj](seg_pmco)
    libc.dlb[no_dispatched_handler.doj](seg_pmco)
    libc.dlb[set_c.doj](seg_pmco)
    libosal_noos.dlb[adi_osal_noos_arch_a.doj](seg_pmco)]]></EXTENDED_INFO>
</MSG>
<MSG id='041C4C98' mid='li3050' type='Informational' suppressed=''>
<TEXT><![CDATA[Input section(s) were excluded from output section 'dxe_block0_nw_code']]></TEXT>
<EXTENDED_INFO><![CDATA[The following input section(s) were excluded
    app_startup.doj(seg_int_code)
    app_startup.doj(seg_int_code)
    app_startup.doj(seg_pmco)
    app_startup.doj(seg_pmco)
    libc.dlb[adi_bad_reset_detected.doj](seg_pmco)
    libc.dlb[adi_fatal_error_ba.doj](seg_pmco)
    libc.dlb[adi_ilop_detected.doj](seg_pmco)
    libc.dlb[adi_parity_error_detected.doj](seg_pmco)
    libc.dlb[dispatched_handler_activate_ba.doj](seg_pmco)
    libc.dlb[dispatched_handler_deactivate_ba.doj](seg_pmco)
    libc.dlb[dispatched_handler_unregister_ba.doj](seg_pmco)
    libc.dlb[fatal_error_ba.doj](seg_pmco)
    libc.dlb[int_dispatcher_215XX_ba.doj](seg_pmco)
    libc.dlb[no_dispatched_handler.doj](seg_pmco)
    libc.dlb[set_c.doj](seg_pmco)
    libosal_noos.dlb[adi_osal_noos_arch_a.doj](seg_pmco)]]></EXTENDED_INFO>
</MSG>
<MSG id='041C49F8' mid='li3050' type='Informational' suppressed=''>
<TEXT><![CDATA[Input section(s) were excluded from output section 'dxe_block2_data']]></TEXT>
<EXTENDED_INFO><![CDATA[The following input section(s) were excluded
    system\startup_ldf\app_heaptab.doj(seg_dmda)
    libc.dlb[adi_fatal_data_ba.doj](seg_dmda)
    libc.dlb[dispatched_handler_data_ba.doj](seg_dmda)
    libc.dlb[dispatched_handler_reg_ba.doj](seg_dmda)
    libc.dlb[dispatched_handler_table_ba.doj](seg_dmda)
    libc.dlb[free_ba.doj](seg_dmda)
    libc.dlb[heap_find_block_ba.doj](seg_dmda)
    libc.dlb[heap_install_ba.doj](seg_dmda)
    libc.dlb[heap_lookup_ba.doj](seg_dmda)
    libc.dlb[heap_malloc_ba.doj](seg_dmda)
    libc.dlb[heap_num_ba.doj](seg_dmda)
    libc.dlb[heap_setup_ba.doj](seg_dmda)
    libc.dlb[heaps_ba.doj](seg_dmda)
    libc.dlb[rtl_disable_interrupts_ba.doj](seg_dmda)
    libosal_noos.dlb[adi_osal_arch_c.doj](seg_dmda)
    libosal_noos.dlb[adi_osal_arch_int_table.doj](seg_dmda)
    libosal_noos.dlb[adi_osal_noos_init.doj](seg_dmda)
    libssl.dlb[adi_gpio.doj](seg_dmda)
    libssl.dlb[adi_sec.doj](seg_dmda)]]></EXTENDED_INFO>
</MSG>
<MSG id='041C4D78' mid='li3050' type='Informational' suppressed=''>
<TEXT><![CDATA[Input section(s) were excluded from output section 'dxe_block2_data_bw']]></TEXT>
<EXTENDED_INFO><![CDATA[The following input section(s) were excluded
    libc.dlb[int_dispatcher_215XX_ba.doj](seg_dmda)]]></EXTENDED_INFO>
</MSG>
<MSG id='041C4058' mid='li3050' type='Informational' suppressed=''>
<TEXT><![CDATA[Input section(s) were excluded from output section 'dxe_block3_data']]></TEXT>
<EXTENDED_INFO><![CDATA[The following input section(s) were excluded
    system\startup_ldf\app_heaptab.doj(seg_dmda)
    libc.dlb[adi_fatal_data_ba.doj](seg_dmda)
    libc.dlb[dispatched_handler_data_ba.doj](seg_dmda)
    libc.dlb[dispatched_handler_reg_ba.doj](seg_dmda)
    libc.dlb[dispatched_handler_table_ba.doj](seg_dmda)
    libc.dlb[free_ba.doj](seg_dmda)
    libc.dlb[heap_find_block_ba.doj](seg_dmda)
    libc.dlb[heap_install_ba.doj](seg_dmda)
    libc.dlb[heap_lookup_ba.doj](seg_dmda)
    libc.dlb[heap_malloc_ba.doj](seg_dmda)
    libc.dlb[heap_num_ba.doj](seg_dmda)
    libc.dlb[heap_setup_ba.doj](seg_dmda)
    libc.dlb[heaps_ba.doj](seg_dmda)
    libc.dlb[rtl_disable_interrupts_ba.doj](seg_dmda)
    libosal_noos.dlb[adi_osal_arch_c.doj](seg_dmda)
    libosal_noos.dlb[adi_osal_arch_int_table.doj](seg_dmda)
    libosal_noos.dlb[adi_osal_noos_init.doj](seg_dmda)
    libssl.dlb[adi_gpio.doj](seg_dmda)
    libssl.dlb[adi_sec.doj](seg_dmda)]]></EXTENDED_INFO>
</MSG>
<MSG id='041C4138' mid='li3050' type='Informational' suppressed=''>
<TEXT><![CDATA[Input section(s) were excluded from output section 'dxe_block3_data_bw']]></TEXT>
<EXTENDED_INFO><![CDATA[The following input section(s) were excluded
    libc.dlb[int_dispatcher_215XX_ba.doj](seg_dmda)]]></EXTENDED_INFO>
</MSG>
<MSG id='041C4218' mid='li3050' type='Informational' suppressed=''>
<TEXT><![CDATA[Input section(s) were excluded from output section 'dxe_l2_cpp_eh_gdt_nw']]></TEXT>
<EXTENDED_INFO><![CDATA[The following input section(s) were excluded
    app_startup.doj(.gdt)
    app_startup.doj(.gdt)]]></EXTENDED_INFO>
</MSG>
<MSG id='041C5EF8' mid='li3050' type='Informational' suppressed=''>
<TEXT><![CDATA[Input section(s) were excluded from output section 'dxe_l2_cpp_ctors_bw']]></TEXT>
<EXTENDED_INFO><![CDATA[The following input section(s) were excluded
    app_startup.doj(seg_ctdml)
    app_startup.doj(seg_ctdml)
    libc.dlb[set_c.doj](seg_ctdml)]]></EXTENDED_INFO>
</MSG>
<MSG id='041C5C58' mid='li3050' type='Informational' suppressed=''>
<TEXT><![CDATA[Input section(s) were excluded from output section 'dxe_l2_nw_code']]></TEXT>
<EXTENDED_INFO><![CDATA[The following input section(s) were excluded
    app_startup.doj(seg_pmco)
    app_startup.doj(seg_pmco)
    libc.dlb[adi_bad_reset_detected.doj](seg_pmco)
    libc.dlb[adi_fatal_error_ba.doj](seg_pmco)
    libc.dlb[adi_ilop_detected.doj](seg_pmco)
    libc.dlb[adi_parity_error_detected.doj](seg_pmco)
    libc.dlb[dispatched_handler_activate_ba.doj](seg_pmco)
    libc.dlb[dispatched_handler_deactivate_ba.doj](seg_pmco)
    libc.dlb[dispatched_handler_unregister_ba.doj](seg_pmco)
    libc.dlb[fatal_error_ba.doj](seg_pmco)
    libc.dlb[int_dispatcher_215XX_ba.doj](seg_pmco)
    libc.dlb[no_dispatched_handler.doj](seg_pmco)
    libc.dlb[set_c.doj](seg_pmco)
    libosal_noos.dlb[adi_osal_noos_arch_a.doj](seg_pmco)]]></EXTENDED_INFO>
</MSG>
<MSG id='041C5D38' mid='li3050' type='Informational' suppressed=''>
<TEXT><![CDATA[Input section(s) were excluded from output section 'dxe_l2_data']]></TEXT>
<EXTENDED_INFO><![CDATA[The following input section(s) were excluded
    system\startup_ldf\app_heaptab.doj(seg_dmda)
    libc.dlb[adi_fatal_data_ba.doj](seg_dmda)
    libc.dlb[dispatched_handler_data_ba.doj](seg_dmda)
    libc.dlb[dispatched_handler_reg_ba.doj](seg_dmda)
    libc.dlb[dispatched_handler_table_ba.doj](seg_dmda)
    libc.dlb[free_ba.doj](seg_dmda)
    libc.dlb[heap_find_block_ba.doj](seg_dmda)
    libc.dlb[heap_install_ba.doj](seg_dmda)
    libc.dlb[heap_lookup_ba.doj](seg_dmda)
    libc.dlb[heap_malloc_ba.doj](seg_dmda)
    libc.dlb[heap_num_ba.doj](seg_dmda)
    libc.dlb[heap_setup_ba.doj](seg_dmda)
    libc.dlb[heaps_ba.doj](seg_dmda)
    libc.dlb[rtl_disable_interrupts_ba.doj](seg_dmda)
    libosal_noos.dlb[adi_osal_arch_c.doj](seg_dmda)
    libosal_noos.dlb[adi_osal_arch_int_table.doj](seg_dmda)
    libosal_noos.dlb[adi_osal_noos_init.doj](seg_dmda)
    libssl.dlb[adi_gpio.doj](seg_dmda)
    libssl.dlb[adi_sec.doj](seg_dmda)]]></EXTENDED_INFO>
</MSG>
<MSG id='041C5E18' mid='li3050' type='Informational' suppressed=''>
<TEXT><![CDATA[Input section(s) were excluded from output section 'dxe_l2_data_bw']]></TEXT>
<EXTENDED_INFO><![CDATA[The following input section(s) were excluded
    libc.dlb[int_dispatcher_215XX_ba.doj](seg_dmda)]]></EXTENDED_INFO>
</MSG>
</DOCUMENT>
